ADS Data Systems,8/11/2018 12:04,8/11/2018 12:04
Alden,8/11/2018 12:04,8/11/2018 12:04
Assisting Hands,8/11/2018 12:04,8/11/2018 12:04
Bridgewater ,8/11/2018 12:04,8/11/2018 12:04
Charlesgate,8/11/2018 12:04,8/11/2018 12:04
CPT,8/11/2018 12:04,8/11/2018 12:04
Family Home Health,8/11/2018 12:04,8/11/2018 12:04
Illuminage,8/11/2018 12:04,8/11/2018 12:04
LifeCare Advocates,8/11/2018 12:04,8/11/2018 12:04
Pathways,8/11/2018 12:04,8/11/2018 12:04
Right at Home,8/11/2018 12:04,8/11/2018 12:04
