tbd,1,8/11/2018 12:45,8/11/2018 12:45
AgeWise,8,8/11/2018 12:45,8/11/2018 12:45
Aging in Stride,8,8/11/2018 12:45,8/11/2018 12:45
Aging in Stride SNF,8,8/11/2018 12:45,8/11/2018 12:45
The Alden Network,2,8/11/2018 12:45,8/11/2018 12:45
Hand In Hand,3,8/11/2018 12:45,8/11/2018 12:45
tbd,4,8/11/2018 12:45,8/11/2018 12:45
tbd,5,8/11/2018 12:45,8/11/2018 12:45
tbd,6,8/11/2018 12:45,8/11/2018 12:45
tbd,7,8/11/2018 12:45,8/11/2018 12:45
tbd,9,8/11/2018 12:45,8/11/2018 12:45
tbd,10,8/11/2018 12:45,8/11/2018 12:45
Caring News,11,8/11/2018 12:45,8/11/2018 12:45
Print,11,8/11/2018 12:45,8/11/2018 12:45
