Aging,8/11/2018 12:04,8/11/2018 12:04
Benefits,8/11/2018 12:04,8/11/2018 12:04
Care Choices,8/11/2018 12:04,8/11/2018 12:04
Caregivers,8/11/2018 12:04,8/11/2018 12:04
Emotional,8/11/2018 12:04,8/11/2018 12:04
Exercise,8/11/2018 12:04,8/11/2018 12:04
Family,8/11/2018 12:04,8/11/2018 12:04
Financial,8/11/2018 12:04,8/11/2018 12:04
Health,8/11/2018 12:04,8/11/2018 12:04
Health-Mental,8/11/2018 12:04,8/11/2018 12:04
Health-Physical,8/11/2018 12:04,8/11/2018 12:04
Hobbies,8/11/2018 12:04,8/11/2018 12:04
Holidays,8/11/2018 12:04,8/11/2018 12:04
Lifestyle,8/11/2018 12:04,8/11/2018 12:04
Nutrition,8/11/2018 12:04,8/11/2018 12:04
Planning,8/11/2018 12:04,8/11/2018 12:04
Safety,8/11/2018 12:04,8/11/2018 12:04
Surveys,8/11/2018 12:04,8/11/2018 12:04
