1,ï»¿ADS Data Systems,2018-08-11 12:04:00,2018-08-11 12:04:00
3,Assisting Hands,2018-08-11 12:04:00,2018-08-11 12:04:00
5,Charlesgate,2018-08-11 12:04:00,2018-08-11 12:04:00
6,CPT,2018-08-11 12:04:00,2018-08-11 12:04:00
7,Family Home Health,2018-08-11 12:04:00,2018-08-11 12:04:00
8,Illuminage,2018-08-11 12:04:00,2018-08-11 12:04:00
9,LifeCare Advocates,2018-08-11 12:04:00,2018-08-11 12:04:00
10,Pathways,2018-08-11 12:04:00,2018-08-11 12:04:00
11,Right at Home,2018-08-11 12:04:00,2018-08-11 12:04:00
2,Alden,2018-08-11 12:04:00,2018-10-29 04:22:01.626635
