5,Caregivers,2018-08-11 12:02:00,2018-08-11 12:02:00
7,Exercise,2018-08-11 12:02:00,2018-08-11 12:02:00
9,Financial,2018-08-11 12:02:00,2018-08-11 12:02:00
14,Holidays,2018-08-11 12:02:00,2018-08-11 12:02:00
16,Nutrition,2018-08-11 12:02:00,2018-08-11 12:02:00
18,Safety,2018-08-11 12:02:00,2018-08-11 12:02:00
2,ï»¿Aging Issues,2018-08-11 12:02:00,2018-09-16 23:26:40.204428
12,Health Conditions,2018-08-11 12:02:00,2018-11-10 23:48:49.934708
24,Dementia & Brain Health,2018-11-10 23:51:44.875067,2018-11-10 23:51:44.875067
6,Mental & Emotional Health,2018-08-11 12:02:00,2018-11-10 23:54:05.417428
3,Government Benefits,2018-08-11 12:02:00,2018-11-10 23:59:55.919856
10,Healthy Aging,2018-08-11 12:02:00,2018-11-11 00:03:03.315022
4,Care Choices & Senior Living,2018-08-11 12:02:00,2018-11-11 00:15:01.823173
25,Health Care Planning,2018-11-11 00:20:23.087528,2018-11-11 00:22:42.489421
